{"temp1": 12920.031525270222, "temp1_err": 5411.364472843585, "scale1": 7.770211530689884e+23, "scale1_err": 9.143596888953923e+23, "temp2": 2305.505681103248, "temp2_err": 411.02473490755665, "scale2": 5.774906213853653e+20, "scale2_err": 4.906143794603066e+20, "extinction_av": null, "extinction_rv": null}