{"temp1": 27956.745537587358, "scale1": 1.7719302385058044e+23, "temp2": null, "scale2": null, "extinction_av": null, "extinction_rv": null}
