{"temp1": 13545.551338316976, "temp1_err": 478.2591426893853, "scale1": 1.4404349269856844e+23, "scale1_err": 1.3292559578225065e+22, "temp2": 1418.2558240574488, "temp2_err": 200.07187740099013, "scale2": 8.613199725537203e+19, "scale2_err": 4.283737041385073e+19, "extinction_av": null, "extinction_rv": null}
