{"temp1": 13578.089306104634, "scale1": 1.3236379281006812e+23, "temp2": 1424.8772127840525, "scale2": 8.004523150337448e+19, "extinction_av": 0.3643711523794127, "extinction_rv": 4.2694173002543225}
