{"temp1": 18146.521070065573, "scale1": 4.8923977550081414e+23, "extinction_av": 0.8776706022062117, "extinction_rv": 2.5403330732940166}
