{"temp1": 12499.917322427873, "scale1": 3.5908766672464336e+23, "temp2": 1411.0724489712613, "scale2": 3.7548210088449884e+19, "extinction_av": null, "extinction_rv": null}
