{"temp1": 12630.505515801742, "temp1_err": 513.4579273056545, "scale1": 3.79879673232121e+23, "scale1_err": 5.566871771110937e+22, "temp2": 1725.9573843165074, "temp2_err": 73.17805193316008, "scale2": 7.174347223166016e+19, "scale2_err": 1.260288811979559e+19, "extinction_av": null, "extinction_rv": null}