{"temp1": 12365.390344039952, "scale1": 6.859640514924769e+23, "temp2": 2377.3661654499538, "scale2": 8.435952698799062e+20, "extinction_av": null, "extinction_rv": null}
