{"temp1": 13323.691209262355, "temp1_err": 805.4006076766918, "scale1": 9.107500403844844e+23, "scale1_err": 1.5857354762171615e+23, "temp2": 2425.7772166006066, "temp2_err": 59.52122869643096, "scale2": 7.22766692690518e+20, "scale2_err": 8.252288028371639e+19, "extinction_av": null, "extinction_rv": null}
