,optical_temp,optical_temp_err,infrared_temp,infrared_temp_err,optical_radius,optical_radius_err,infrared_radius,infrared_radius_err,optical_luminosity,optical_luminosity_err,infrared_luminosity,infrared_luminosity_err,total_luminosity,total_luminosity_err
58710.0,13545.551338316976,478.2591426893853,1418.2558240574488,200.07187740099013,6230440487810012.0,287477413353582.56,2.547905491357165e+17,6.335948009492131e+16,9.312061836828621e+44,1.3157389348822493e+44,1.8715719730100718e+44,1.0811516925087918e+44,1.1183633809838692e+45,1.7029556444545761e+44
59068.0,12630.505515801742,513.4579273056545,1725.9573843165074,73.17805193316008,3836564870680925.0,281110917240091.06,2.7917361989846723e+17,2.452065524663906e+16,2.669252288902453e+44,4.3498923162310586e+43,4.92822616003506e+44,8.392499261055701e+43,7.597478448937513e+44,9.452809477061648e+43
59245.5,13323.691209262355,805.4006076766918,2425.7772166006066,59.52122869643096,2477798434252903.5,215708630572853.6,8.795621018034968e+16,5021260578502041.0,1.3786428874620543e+44,3.3400336691594456e+43,1.908790515853733e+44,1.877564418564149e+43,3.287433403315787e+44,3.831588842370335e+43
