{"extinction_av": 1.3435017764075399, "extinction_av_err": 0.17661383649011062, "extinction_rv": 3.999999767695234, "extinction_rv_err": 3.0662062270105963, "red_chisq": 9.313948532082069}
