,obsmjd_start,obsmjd_end,obsmjd,flux
0,58921.143722419,58922.8105520023,58921.9771372107,1.79092977824248E-14
1,59104.6477857755,59106.3147302083,59105.4812579919,1.75578434812278E-14
