band,telescope,obsmjd,obsmjd_start,obsmjd_end,flux
LAT,Fermi,59799.5,58600,58999,7.0502886068E-10
LAT,Fermi,59181.5,58999,59364,2.6533371478E-09
