band,telescope,obsmjd,fluxJy,fluxerrJy,flux,fluxerr
10GHz,VLA,59033,8.6E-05,1.1E-05,8.6E-28,1.1E-28
10GHz,VLA,59101,8.57E-05,5.3E-06,8.57E-28,5.3E-29
6GHz,VLA,59101,0.0001186,6.1E-06,1.186E-27,6.1E-29
3GHz,VLA,59033,0.000226,1.30E-05,2.26E-27,1.3E-28
