{"temp1": 13578.101981324558, "scale1": 1.4459264301163054e+23, "temp2": 1424.8562231777228, "scale2": 8.743575668781443e+19, "extinction_av": 0.26843098162038165, "extinction_rv": 3.145242783257409}
