{"temp1": 1461.37314737154, "scale1": 4.43624314909926e+19, "extinction_av": null, "extinction_rv": null}
