{"temp1": 12499.926435846739, "scale1": 3.9226294359246664e+23, "temp2": 1411.0723693967002, "scale2": 4.101721122687896e+19, "extinction_av": null, "extinction_rv": null}
