{"temp1": 12365.423623108572, "scale1": 7.493430968062189e+23, "temp2": 2377.3689808013255, "scale2": 9.215371858898623e+20, "extinction_av": null, "extinction_rv": null}
