{"temp1": 12645.492726240394, "temp1_err": 488.0475877915077, "scale1": 3.8239860737653544e+23, "scale1_err": 5.329284647535335e+22, "temp2": 1750.0430794315462, "temp2_err": 69.64548634358745, "scale2": 7.456164392484828e+19, "scale2_err": 1.5235905858538099e+19, "extinction_av": null, "extinction_rv": null}