{"temp1": 12648.885517554923, "temp1_err": 549.2804668849773, "scale1": 7.346048408126727e+23, "scale1_err": 9.382440533214336e+22, "temp2": 2301.5940683503854, "temp2_err": 56.23910762695742, "scale2": 5.673111586228367e+20, "scale2_err": 6.7761354958702666e+19, "extinction_av": null, "extinction_rv": null}