{"temp1": 1428.1373027564598, "temp1_err": 177.6837269300053, "scale1": 8.072498769847081e+19, "scale1_err": 3.52009882737283e+19, "temp2": 13578.685522563725, "temp2_err": 399.39254838640613, "scale2": 1.3237497801504138e+23, "scale2_err": 1.0559746581592166e+22, "extinction_av": null, "extinction_rv": null}