{"temp1": 12644.012579645248, "temp1_err": 427.9336675488503, "scale1": 7.337896306206931e+23, "scale1_err": 7.072296877565618e+22, "temp2": 2300.809631238758, "temp2_err": 34.26172345732473, "scale2": 5.663467893726792e+20, "scale2_err": 4.076678916273186e+19, "extinction_av": null, "extinction_rv": null}