{
   "mass": [
      10.524140152425606,
      0.029930859230054452,
      0.028107737141715106
   ],
   "logzsol": [
      0.10559285112063448,
      0.09481125082108978,
      0.07591608567882856
   ],
   "dust2": [
      0.9914563200677039,
      0.015883701580412968,
      0.006590885627539178
   ],
   "tage": [
      1.5868656355007076,
      0.21113987861672268,
      0.17560036368134324
   ],
   "tau": [
      0.8440148823585888,
      0.1946896667487008,
      0.1110397240721478
   ],
   "GALEX_FUV": [
      22.324605456272906,
      0.06698827487325332,
      0.10241096820003293
   ],
   "GALEX_NUV": [
      21.52162462530312,
      0.06320647462588269,
      0.10250620203332872
   ],
   "sdss_g0": [
      19.97045778287579,
      0.042600967219357244,
      0.04360667980535737
   ],
   "sdss_i0": [
      18.642872243517594,
      0.020947181218183175,
      0.028979060852492466
   ],
   "sdss_r0": [
      19.007129828930772,
      0.02261045808426232,
      0.03151680896883491
   ],
   "sdss_u0": [
      20.912934075751483,
      0.057721500545849125,
      0.07262309524180566
   ],
   "sdss_z0": [
      18.35990796101957,
      0.02497468299986849,
      0.026578813550923286
   ],
   "twomass_H": [
      17.629445357496596,
      0.041580887588192894,
      0.04308360275608081
   ],
   "twomass_J": [
      17.84253361163072,
      0.03535179976937286,
      0.042258652905065475
   ],
   "twomass_Ks": [
      17.423028165074264,
      0.055810737907393104,
      0.04541522895258865
   ],
   "uvot_B": [
      20.405745466048632,
      0.04220544567810336,
      0.04759433477869379
   ],
   "uvot_U": [
      20.9677162049619,
      0.05940832643561933,
      0.07909182847768292
   ],
   "uvot_UVM2": [
      21.55702124105983,
      0.06206567026485743,
      0.09928158327490877
   ],
   "uvot_UVW1": [
      21.356416344676614,
      0.06258882881421002,
      0.10999224655196826
   ],
   "uvot_UVW2": [
      21.705084200315966,
      0.05698754659171357,
      0.08879793212668119
   ],
   "uvot_V": [
      19.31080451244579,
      0.03298393600423921,
      0.05005043344750959
   ],
   "wise_w1": [
      17.82927997720798,
      0.04519680713871921,
      0.045150798949723736
   ],
   "wise_w2": [
      17.77814550018691,
      0.03253156195940221,
      0.05149849435251497
   ],
   "GALEX_FUV.0": [
      22.045410870516015,
      0.05646280215269428,
      0.08901042761220879
   ],
   "GALEX_NUV.0": [
      21.46743977159492,
      0.06476692582725718,
      0.10928262232663144
   ],
   "sdss_g0.0": [
      19.355955790055358,
      0.02590310276434238,
      0.034416251652196195
   ],
   "sdss_i0.0": [
      18.52141316602016,
      0.029955925714897802,
      0.030720495472632336
   ],
   "sdss_r0.0": [
      18.83121924754089,
      0.02018080361650476,
      0.027274252745851157
   ],
   "sdss_u0.0": [
      20.540436510526607,
      0.033556724591012,
      0.04883130940259761
   ],
   "sdss_z0.0": [
      18.248715982814076,
      0.03780550088679746,
      0.035425579397973195
   ],
   "twomass_H.0": [
      17.69319187080938,
      0.05567459555204479,
      0.045453204383061774
   ],
   "twomass_J.0": [
      17.905984471035467,
      0.04132714968702089,
      0.045273627912287395
   ],
   "twomass_Ks.0": [
      17.819897559048144,
      0.051642472580489596,
      0.05276659824636809
   ],
   "uvot_B.0": [
      19.538993778232403,
      0.03060098360348107,
      0.04771826686686609
   ],
   "uvot_U.0": [
      20.624986742970528,
      0.03887970134596941,
      0.04851052716403004
   ],
   "uvot_UVM2.0": [
      21.487557931825688,
      0.06547520933607487,
      0.1135064214000927
   ],
   "uvot_UVW1.0": [
      21.26979801353785,
      0.05860845719350394,
      0.07983551973906344
   ],
   "uvot_UVW2.0": [
      21.594888388929856,
      0.0625885615735946,
      0.1085034802562923
   ],
   "uvot_V.0": [
      19.065310640114937,
      0.02105770654134176,
      0.033271377902426735
   ],
   "wise_w1.0": [
      18.02203553071086,
      0.0369144964456396,
      0.04953526619951987
   ],
   "wise_w2.0": [
      18.410075787174428,
      0.03314264241150511,
      0.03710856777742322
   ],
   "u-r.0": [
      1.708616816726682,
      0.03556950659845404,
      0.05517021025545388
   ],
   "NUV-r.0": [
      2.6279784219351967,
      0.060972662918540976,
      0.10695581824548439
   ],
   "R_nu": {
      "GALEX_FUV": 8.159602711947045,
      "GALEX_NUV": 8.100958596246244,
      "bessell_I": 1.5922198049459269,
      "twomass_J": 0.8932349734390499,
      "twomass_H": 0.5676004211224495,
      "twomass_K": 0.370142542234575,
      "ogle_I": 0.3662091227486286,
      "uvot_V": 3.144155709775376,
      "uvot_B": 4.106909304428896,
      "uvot_U": 4.991178846301736,
      "uvot_UVW1": 6.9179719415839,
      "uvot_UVM2": 8.652466118917701,
      "uvot_UVW2": 8.237702785097767,
      "ps_g": 3.525805091359757,
      "ps_r": 2.7015095958866198,
      "ps_i": 2.0624065156727767,
      "ps_z": 1.5956251292028156,
      "ps_y": 1.3364841661321236,
      "skymapper_u": 4.950701537648072,
      "skymapper_g": 3.3244781901235143,
      "skymapper_r": 2.7275725944967633,
      "skymapper_i": 1.9574332471918865,
      "skymapper_z": 1.4584013573220034,
      "om_V": 2.0172156124413476,
      "om_B": 2.4348936951408717,
      "om_U": 2.767470565799357,
      "om_UVW1": 2.2494744786289544,
      "om_UVM2": 1.2098198646292246
   }
}