{
   "mass": [
      10.2810088608796,
      0.05814338028007171,
      0.06269393297892023
   ],
   "logzsol": [
      -1.758598634223866,
      0.18013442569437532,
      0.31115488264243507
   ],
   "dust2": [
      0.2636112866917897,
      0.19558887520333185,
      0.43366528432903484
   ],
   "tage": [
      1.3627830867737436,
      0.4730262927164721,
      0.3254599695388076
   ],
   "tau": [
      0.14759635019403491,
      0.034017362197310164,
      0.07173466299011666
   ],
   "GALEX_FUV": [
      23.46749394368905,
      0.5348256341423294,
      0.4470067032782552
   ],
   "GALEX_NUV": [
      21.628571586429093,
      0.11313198348503661,
      0.12794692251170048
   ],
   "sdss_g0": [
      19.706593564744367,
      0.03149945973287416,
      0.03716412589670881
   ],
   "sdss_i0": [
      18.73715622527619,
      0.03081156653417949,
      0.028132551887775747
   ],
   "sdss_r0": [
      18.935245574470898,
      0.021484551312283884,
      0.01721892148604809
   ],
   "sdss_u0": [
      20.755481051890204,
      0.06596676667039603,
      0.07323156100560269
   ],
   "sdss_z0": [
      18.581615259124995,
      0.05236369564816812,
      0.05021711358634917
   ],
   "uvot_B": [
      20.18223275954923,
      0.04847296069064555,
      0.04069260413148612
   ],
   "uvot_U": [
      20.826569588474477,
      0.06912509325419336,
      0.08326968184245942
   ],
   "uvot_UVM2": [
      21.672122715173447,
      0.11732400802271314,
      0.13479363181903992
   ],
   "uvot_UVW1": [
      21.416930884867305,
      0.0947322979586751,
      0.10523952628336275
   ],
   "uvot_UVW2": [
      21.88132393137313,
      0.15028372992940575,
      0.14474728069727405
   ],
   "uvot_V": [
      19.101291882824157,
      0.02349876335527412,
      0.032395294562803656
   ],
   "GALEX_FUV.0": [
      22.219927649251634,
      0.15860758263928076,
      0.1588073900927931
   ],
   "GALEX_NUV.0": [
      21.468519345584557,
      0.08866532384762493,
      0.0903448507670177
   ],
   "sdss_g0.0": [
      19.24487562475283,
      0.02139878457958133,
      0.01978162725938759
   ],
   "sdss_i0.0": [
      18.80025475541616,
      0.054953710173943904,
      0.0573477660470445
   ],
   "sdss_r0.0": [
      18.956707462351623,
      0.03333884814392363,
      0.030069337875399782
   ],
   "sdss_u0.0": [
      20.293000489585992,
      0.0430163651754647,
      0.043135043422502406
   ],
   "sdss_z0.0": [
      18.71836694893114,
      0.09332952591928745,
      0.07111357869651513
   ],
   "uvot_B.0": [
      19.350135964194724,
      0.023633985399026614,
      0.028541283371019688
   ],
   "uvot_U.0": [
      20.388200897978862,
      0.04798166843036711,
      0.038799964647367347
   ],
   "uvot_UVM2.0": [
      21.51672350934347,
      0.09388001588997952,
      0.09261586037145264
   ],
   "uvot_UVW1.0": [
      21.170181442019285,
      0.07065560281495209,
      0.07652132054432315
   ],
   "uvot_UVW2.0": [
      21.6435802778646,
      0.09591151352170613,
      0.1014296231155356
   ],
   "uvot_V.0": [
      19.081841530211854,
      0.021377251408953413,
      0.023250388091071272
   ],
   "u-r.0": [
      1.3424783091807662,
      0.06813717993336965,
      0.058364741815656984
   ],
   "NUV-r.0": [
      2.513711863000701,
      0.12409876400404851,
      0.11220253816242387
   ]
}
