{"extinction_av": 1.1786090292720408, "extinction_av_err": 0.14926052039229015, "extinction_rv": 3.999999635634362, "extinction_rv_err": 0.8855408569716405, "red_chisq": 8.688457378185605}
