{"extinction_av": 1.309955760595616, "extinction_av_err": null, "extinction_rv": 3.4999980480653567, "extinction_rv_err": null, "red_chisq": 17.23941507298063}
