{"alpha": -1.0023615197715363, "alpha_err": 0.13577116483812465, "red_chisq": 38.17837233738724}
