{"0": {"scale": 1.302340106802213e-13, "scale_err": 1.0430963047820728e-15, "mjd": 58605.1704825825, "red_chisq": Infinity, "red_chisq_binfit": 0.00015124520428519086, "luminosity_uv_optical": 2.3245908419946e+43, "luminosity_uv_nir": 4.070984956348231e+43, "alpha": -1.0023615197715363, "alpha_err": 0.13577116483812465}, "1": {"scale": 3.4336441903913824e-13, "scale_err": 5.356053875101461e-14, "mjd": 58617.0066791475, "red_chisq": 166.46517985403958, "red_chisq_binfit": 0.08604950568185499, "luminosity_uv_optical": 6.128827483667425e+43, "luminosity_uv_nir": 1.0733228418234308e+44, "alpha": -1.0023615197715363, "alpha_err": 0.13577116483812465}, "2": {"scale": 6.367309792572337e-13, "scale_err": 1.0080208077278982e-13, "mjd": 58628.8428757125, "red_chisq": 651.4661288339973, "red_chisq_binfit": 0.08863316941957308, "luminosity_uv_optical": 1.1365226298911862e+44, "luminosity_uv_nir": 1.9903573761249005e+44, "alpha": -1.0023615197715363, "alpha_err": 0.13577116483812465}, "3": {"scale": 8.143316234742912e-13, "scale_err": 1.0050775004988784e-13, "mjd": 58640.679072277504, "red_chisq": 954.3984476957932, "red_chisq_binfit": 0.05387240705209162, "luminosity_uv_optical": 1.4535280180559022e+44, "luminosity_uv_nir": 2.5455192321324567e+44, "alpha": -1.0023615197715363, "alpha_err": 0.13577116483812465}, "4": {"scale": 9.400908792837642e-13, "scale_err": 1.1025409415602245e-13, "mjd": 58652.5152688425, "red_chisq": 549.2060741797519, "red_chisq_binfit": 0.04864293368440856, "luminosity_uv_optical": 1.6779999611557513e+44, "luminosity_uv_nir": 2.938630091460131e+44, "alpha": -1.0023615197715363, "alpha_err": 0.13577116483812465}, "5": {"scale": 9.682249426294111e-13, "scale_err": 5.250406511184383e-14, "mjd": 58664.3514654075, "red_chisq": 236.3322687854671, "red_chisq_binfit": 0.020798575149644855, "luminosity_uv_optical": 1.7282174010240287e+44, "luminosity_uv_nir": 3.0265743604286298e+44, "alpha": -1.0023615197715363, "alpha_err": 0.13577116483812465}, "6": {"scale": 7.924849364709778e-13, "scale_err": 1.1010816172614562e-13, "mjd": 58676.1876619725, "red_chisq": 153.98534257907636, "red_chisq_binfit": 0.13653897932946552, "luminosity_uv_optical": 1.4145331285715248e+44, "luminosity_uv_nir": 2.4772286729520932e+44, "alpha": -1.0023615197715363, "alpha_err": 0.13577116483812465}, "7": {"scale": 8.920781444986489e-13, "scale_err": 8.567257814418009e-14, "mjd": 58688.023858537505, "red_chisq": 189.50466797855572, "red_chisq_binfit": 0.06523454910822635, "luminosity_uv_optical": 1.5923004092509542e+44, "luminosity_uv_nir": 2.7885470831872196e+44, "alpha": -1.0023615197715363, "alpha_err": 0.13577116483812465}, "8": {"scale": 7.87391644783686e-13, "scale_err": 1.2062066692112457e-13, "mjd": 58699.8600551025, "red_chisq": 203.4292597477806, "red_chisq_binfit": 0.2213095790744399, "luminosity_uv_optical": 1.4054419402175414e+44, "luminosity_uv_nir": 2.461307552402277e+44, "alpha": -1.0023615197715363, "alpha_err": 0.13577116483812465}, "9": {"scale": 9.19688079395876e-13, "scale_err": 1.0329149383481702e-13, "mjd": 58711.6962516675, "red_chisq": 48.97484800295923, "red_chisq_binfit": 0.0892170627320763, "luminosity_uv_optical": 1.641582314549682e+44, "luminosity_uv_nir": 2.8748529790321643e+44, "alpha": -1.0023615197715363, "alpha_err": 0.13577116483812465}, "10": {"scale": 7.960748127649822e-13, "scale_err": 9.624803100095438e-14, "mjd": 58723.5324482325, "red_chisq": 102.15295189537063, "red_chisq_binfit": 0.10338933108879977, "luminosity_uv_optical": 1.4209408200135295e+44, "luminosity_uv_nir": 2.48845026730499e+44, "alpha": -1.0023615197715363, "alpha_err": 0.13577116483812465}, "11": {"scale": 6.739869026507385e-13, "scale_err": 9.611552623032965e-14, "mjd": 58735.368644797505, "red_chisq": 41.08695608983592, "red_chisq_binfit": 0.14384130838732478, "luminosity_uv_optical": 1.2030219858414876e+44, "luminosity_uv_nir": 2.106815667532534e+44, "alpha": -1.0023615197715363, "alpha_err": 0.13577116483812465}, "12": {"scale": 6.277132078881629e-13, "scale_err": 1.0775754241667287e-13, "mjd": 58747.2048413625, "red_chisq": 59.9431633460514, "red_chisq_binfit": 0.20843574146387214, "luminosity_uv_optical": 1.1204265052074314e+44, "luminosity_uv_nir": 1.9621687244881047e+44, "alpha": -1.0023615197715363, "alpha_err": 0.13577116483812465}, "13": {"scale": 7.808417017635082e-13, "scale_err": 4.4672066383045714e-14, "mjd": 58759.0410379275, "red_chisq": Infinity, "red_chisq_binfit": 0.007716573505375882, "luminosity_uv_optical": 1.393750725702404e+44, "luminosity_uv_nir": 2.4408330854325436e+44, "alpha": -1.0023615197715363, "alpha_err": 0.13577116483812465}, "14": {"scale": 7.718834915287953e-13, "scale_err": 3.243292640491673e-14, "mjd": 58770.8772344925, "red_chisq": Infinity, "red_chisq_binfit": 0.00416243069642586, "luminosity_uv_optical": 1.3777609136989876e+44, "luminosity_uv_nir": 2.4128306159463915e+44, "alpha": -1.0023615197715363, "alpha_err": 0.13577116483812465}, "15": {"scale": 6.937606395430444e-13, "scale_err": 5.44847101350052e-14, "mjd": 58782.713431057506, "red_chisq": Infinity, "red_chisq_binfit": 0.014541465261389202, "luminosity_uv_optical": 1.238316796660706e+44, "luminosity_uv_nir": 2.1686263919346432e+44, "alpha": -1.0023615197715363, "alpha_err": 0.13577116483812465}, "16": {"scale": 7.198297965783094e-13, "scale_err": 6.640231229895067e-16, "mjd": 58794.5496276225, "red_chisq": Infinity, "red_chisq_binfit": 2.0062498638651227e-06, "luminosity_uv_optical": 1.2848485155152339e+44, "luminosity_uv_nir": 2.2501159702413654e+44, "alpha": -1.0023615197715363, "alpha_err": 0.13577116483812465}, "17": {"scale": 6.72414405547654e-13, "scale_err": 1.546658049359411e-14, "mjd": 58877.40300357751, "red_chisq": Infinity, "red_chisq_binfit": 0.0012473633474315597, "luminosity_uv_optical": 1.2002151826525193e+44, "luminosity_uv_nir": 2.1019001988180848e+44, "alpha": -1.0023615197715363, "alpha_err": 0.13577116483812465}, "18": {"scale": 6.604695456647928e-13, "scale_err": 3.655548863593544e-14, "mjd": 58889.2392001425, "red_chisq": Infinity, "red_chisq_binfit": 0.007222336703473947, "luminosity_uv_optical": 1.1788943988207236e+44, "luminosity_uv_nir": 2.0645617611589583e+44, "alpha": -1.0023615197715363, "alpha_err": 0.13577116483812465}, "19": {"scale": 6.879464457571811e-13, "scale_err": 1.3026819787705056e-14, "mjd": 58901.0753967075, "red_chisq": Infinity, "red_chisq_binfit": 0.000845367911265698, "luminosity_uv_optical": 1.2279388458031637e+44, "luminosity_uv_nir": 2.150451803505772e+44, "alpha": -1.0023615197715363, "alpha_err": 0.13577116483812465}, "20": {"scale": 6.489120626752717e-13, "scale_err": 3.1124299992707877e-14, "mjd": 58912.9115932725, "red_chisq": Infinity, "red_chisq_binfit": 0.005423825175019101, "luminosity_uv_optical": 1.158265057089156e+44, "luminosity_uv_nir": 2.028434224935629e+44, "alpha": -1.0023615197715363, "alpha_err": 0.13577116483812465}, "21": {"scale": 6.412001836698896e-13, "scale_err": 6.083985098941989e-14, "mjd": 58936.583986402504, "red_chisq": Infinity, "red_chisq_binfit": 0.021225950575950173, "luminosity_uv_optical": 1.1444998637906868e+44, "luminosity_uv_nir": 2.0043276622550278e+44, "alpha": -1.0023615197715363, "alpha_err": 0.13577116483812465}, "22": {"scale": 5.611320930717298e-13, "scale_err": 7.615092447330176e-15, "mjd": 58948.4201829675, "red_chisq": 151.6777542429697, "red_chisq_binfit": 0.0006513127065297131, "luminosity_uv_optical": 1.0015836246544356e+44, "luminosity_uv_nir": 1.754042816840113e+44, "alpha": -1.0023615197715363, "alpha_err": 0.13577116483812465}, "23": {"scale": 5.196437054485816e-13, "scale_err": 2.2374613081464308e-14, "mjd": 58960.256379532504, "red_chisq": 171.42477466060066, "red_chisq_binfit": 0.006556454924420554, "luminosity_uv_optical": 9.275296003529789e+43, "luminosity_uv_nir": 1.6243542654434299e+44, "alpha": -1.0023615197715363, "alpha_err": 0.13577116483812465}, "24": {"scale": 4.972199476829823e-13, "scale_err": 2.1679928715506676e-14, "mjd": 58972.0925760975,