{"temp1": 12363.754794968694, "temp1_err": 492.58704162382406, "scale1": 6.856928823940724e+23, "scale1_err": 7.953911231803242e+22, "temp2": 2377.223696012686, "temp2_err": 41.89903706564464, "scale2": 8.433930054526793e+20, "scale2_err": 5.30391740838858e+19, "extinction_av": null, "extinction_rv": null}