{"temp1": 13577.79631794896, "temp1_err": 399.3100111578428, "scale1": 1.3235910652487957e+23, "scale1_err": 1.055729283748334e+22, "temp2": 1424.4696282051796, "temp2_err": 176.1631448293615, "scale2": 7.995824591806015e+19, "scale2_err": 3.471280749198363e+19, "extinction_av": null, "extinction_rv": null}