{"temp1": 12645.603155251772, "temp1_err": 488.920190982275, "scale1": 3.8242762590097866e+23, "scale1_err": 5.3262499433208774e+22, "temp2": 1750.1940225336916, "temp2_err": 53.77440486387223, "scale2": 7.457625396023737e+19, "scale2_err": 1.094284071305681e+19, "extinction_av": null, "extinction_rv": null}