{"temp1": 13831.89707081775, "temp1_err": 1054.1326856896267, "scale1": 9.46655560096604e+23, "scale1_err": 1.9517234698283597e+23, "temp2": 2387.434936524664, "temp2_err": 64.79666798132091, "scale2": 6.734670008554319e+20, "scale2_err": 8.51057894056535e+19, "extinction_av": null, "extinction_rv": null}