{"P200+J": [16.7117, 0.06435254462723289], "P200+H": [15.7256, 0.07261191362304123], "P200+Ks": [14.879099999999998, 0.08640167822444192]}