{"P200+J": [NaN, 0.04727589237655911], "P200+H": [22.092392349987875, 0.0622706993697678], "P200+Ks": [18.29610215481669, 0.08214627197870882]}