{"P200+J": [16.5282, 0.12831601614763452], "P200+H": [15.589400000000001, 0.0648718737204345], "P200+Ks": [14.719999999999999, 0.08551818520057591]}