{"P200+J": [16.918599999999998, 0.06677604360846785], "P200+H": [16.0064, 0.06930771962775864], "P200+Ks": [15.047699999999999, 0.07298362830114709]}