{"temp1": 12884.088545902237, "temp1_err": 5954.360599156386, "scale1": 8.17981192495714e+23, "scale1_err": 1.093456032259527e+24, "temp2": 2365.309252620251, "temp2_err": 457.07845414790245, "scale2": 6.498442592828803e+20, "scale2_err": 5.858999880119951e+20, "extinction_av": null, "extinction_rv": null}