{"temp1": 12499.461611717585, "temp1_err": 484.91190399792674, "scale1": 3.590079562456725e+23, "scale1_err": 4.95752081390595e+22, "temp2": 1411.0964975827108, "temp2_err": 49.925604238855726, "scale2": 3.756109800139606e+19, "scale2_err": 5.58686745399718e+18, "extinction_av": null, "extinction_rv": null}