{"temp1": 13577.948542710392, "temp1_err": 399.32687336598815, "scale1": 1.3235602992968183e+23, "scale1_err": 1.0557439778257415e+22, "temp2": 1424.96767385238, "temp2_err": 176.40777552191219, "scale2": 8.00842021078567e+19, "scale2_err": 3.4800685365467517e+19, "extinction_av": null, "extinction_rv": null}