{"temp1": 12598.706064085114, "temp1_err": 540.480369209752, "scale1": 3.743128735347604e+23, "scale1_err": 5.7506690155392625e+22, "temp2": 1653.918338251994, "temp2_err": 75.42354642160416, "scale2": 6.300925533511262e+19, "scale2_err": 1.1680330401413505e+19, "extinction_av": null, "extinction_rv": null}