band,RA,Dec
g,257.27855035,26.8557004
r,257.2785542,26.8556925
i,257.27855555,26.8556949
