{"scale": 8.103153428235252e-16, "scale_err": 6.913579772673469e-17, "mjd": 59005.12846212167, "red_chisq": 11.326336037337645, "red_chisq_binfit": 0.03432704159759772, "luminosity_uv_optical": 7.958201730081734e+43, "luminosity_uv_nir": 1.2787935657984765e+44, "alpha": -0.8193766498207183, "alpha_err": 0.06576000823678328}
