{"P48+ZTF_i": [18.7494946816278, 0.052637762204516], "P48+ZTF_r": [19.21297836303711, 0.11125461981416887], "P48+ZTF_g": [19.43597412109375, 0.1143248133508795], "Swift+UVM2": [20.32732, 0.15164712]}
