{"temp1": 13578.439924874234, "temp1_err": 399.8663228228404, "scale1": 1.3236724394338822e+23, "scale1_err": 1.0588162017254395e+22, "temp2": 1424.682899144495, "temp2_err": 614.1842558865793, "scale2": 8.000496776662563e+19, "scale2_err": 1.2846334581214123e+20, "extinction_av": null, "extinction_rv": null}