{"temp1": 13578.051857866536, "temp1_err": 399.3310303859831, "scale1": 1.3236252185944687e+23, "scale1_err": 1.0557639571547456e+22, "temp2": 1424.3425880619045, "temp2_err": 176.11033139394442, "scale2": 7.993248807778078e+19, "scale2_err": 3.4696453042966503e+19, "extinction_av": null, "extinction_rv": null}