{"temp1": 1750.5649171496684, "temp1_err": 53.819417949294476, "scale1": 7.468443942071917e+19, "scale1_err": 1.096563355593892e+19, "temp2": 12623.992190942803, "temp2_err": 486.6989707252385, "scale2": 3.8034291644439155e+23, "scale2_err": 5.290641182871603e+22, "extinction_av": null, "extinction_rv": null}