{"temp1": 1410.9752073627153, "temp1_err": 49.90481222486446, "scale1": 3.753540932801105e+19, "scale1_err": 5.580701285840859e+18, "temp2": 12499.885164729581, "temp2_err": 484.9644320734495, "scale2": 3.5908318846699425e+23, "scale2_err": 4.958969160900962e+22, "extinction_av": null, "extinction_rv": null}