{"temp1": 2377.3816031465813, "temp1_err": 41.92094400346595, "scale1": 8.436057869115856e+20, "scale1_err": 5.307337780590065e+19, "temp2": 12367.614462484591, "temp2_err": 493.29891200240303, "scale2": 6.862760633616725e+23, "scale2_err": 7.968028742806473e+22, "extinction_av": null, "extinction_rv": null}